"id","url","slug","name","redirect_type","track_me","nofollow","sponsored","param_forwarding","google_tracking","delay","created_at","last_updated_at","link_categories","link_tags","keywords"
"1","http://www.1shoppingcart.com/app/?af=1310688","screenings","#1 Tool For Chiropractic Spinal Screenings","307","1","0","0","0","","0","2021-12-01 20:59:27","2021-12-01 20:59:27","","",""
"2","http://postureanalysis.com/mobile/","posturescreen","Posture Screen Mobile","307","1","0","0","0","","0","2021-12-01 20:59:27","2021-12-01 20:59:27","","",""
"3","http://www.1shoppingcart.com/app/?af=1031702","elite","Matthew Loop's Social Media Elite","307","1","0","0","0","","0","2021-12-01 20:59:27","2021-12-01 20:59:27","","",""
"4","http://www.mcssl.com/app/?Clk=5413554","podcasttraining","Podcast Training Specifically for Chiropractors!","307","1","0","0","0","","0","2021-12-01 20:59:27","2021-12-01 20:59:27","","",""
"5","https://fx186.isrefer.com/go/1234/chirocandy/","dinner","Dr. Ziano&#039;s D2: Dynamic Dinner","307","1","0","0","0","","0","2021-12-01 20:59:27","2021-12-01 20:59:27","","",""
"6","https://itunes.apple.com/us/podcast/chirocandy-podcast-sweet-chiropractic/id990802157","itunes","Subscribe on iTunes!","307","1","0","0","0","","0","2021-12-01 20:59:27","2021-12-01 20:59:27","","",""
"7","http://www.stitcher.com/s?fid=65087&refid=stpr","stitcher","ChiroCandy: The Podcast Of Sweet Chiropractic Success | Interviews &amp; Episodes That Inspire &amp; Equip You To Think Like A Marketer! | Listen via Stitcher Radio On Demand","307","1","0","0","1","","0","2021-12-01 20:59:27","2021-12-01 20:59:27","","",""
"8","http://chirocandy.com/003","taborsmith","How To Rebuild A Practice From Scratch- Interview With Dr. Tabor Smith","307","1","0","0","0","","0","2021-12-01 20:59:27","2021-12-01 20:59:27","","",""
"9","http://chirocandy.com/004","loop","CC 004 | How To Get 10-20 New Patients Per Month Using Social Media- Interview With Dr. Matthew Loop","307","1","0","0","0","","0","2021-12-01 20:59:27","2021-12-01 20:59:27","","",""
"10","http://chirocandy.com/005","spencer","CC 005 | The Champion’s Blueprint – Interview With Dr. Jeff Spencer","307","1","0","0","0","","0","2021-12-01 20:59:27","2021-12-01 20:59:27","","",""
"11","http://squeakycleanreputation.com/","reputation","Dr. Len Schwartz | Squeaky Clean Reputation","307","1","0","0","0","","0","2021-12-01 20:59:27","2021-12-01 20:59:27","","",""
"12","http://pro2pronetwork.com","pro2pro","Professional Referral Service | Pro2ProNetwork","307","1","0","0","0","","0","2021-12-01 20:59:27","2021-12-01 20:59:27","","",""
"13","http://chirocandy.com/006","len","CC 006 | The Power of Patient Education & Reputation Management - Interview with Dr. Len Schwartz","307","1","0","0","0","","0","2021-12-01 20:59:27","2021-12-01 20:59:27","","",""
"14","http://www.1shoppingcart.com/app/?Clk=5422590","internal","Internal Marketing","307","1","0","0","0","","0","2021-12-01 20:59:27","2021-12-01 20:59:27","","",""
"15","http://chirocandy.wpengine.com/wp-content/uploads/2015/03/custom-login-logo.jpg","logo","logo","307","1","0","0","0","","0","2021-12-01 20:59:27","2021-12-01 20:59:27","","",""
"16","http://chirocandy.com/7-figure-practice-building","7","7 Figure Practice Building - Interview w/ Dr. Terry Tolle","307","1","0","0","0","","0","2021-12-01 20:59:27","2021-12-01 20:59:27","","",""
"17","http://chirocandy.com/7-figure-practice-building","tolle","7 Figure Practice Building - Interview w/ Dr. Terry Tolle","307","1","1","0","0","","0","2021-12-01 20:59:27","2021-12-01 20:59:27","","",""
"18","https://api.leadconnectorhq.com/widget/booking/SkKWlvkZrPeFJguQHylX","schedule","ChiroCandy Marketing - Schedule a Call","307","1","0","0","0","","0","2021-12-01 20:59:27","2025-07-09 20:39:45","","",""
"19","http://chirocandy.com/7-figure-practice-building-part-2","8","CC 008 | 7 Figure Practice Building Part 2 – Interview With Dr. Terry Tolle","307","1","0","0","0","","0","2021-12-01 20:59:27","2021-12-01 20:59:27","","",""
"20","http://chirocandy.com/7-figure-practice-building-part-2","tolle2","CC 008 | 7 Figure Practice Building Part 2 – Interview With Dr. Terry Tolle","307","1","0","0","0","","0","2021-12-01 20:59:27","2021-12-01 20:59:27","","",""
"21","http://chirocandy.com/marketing-from-the-heart","9","CC 009 | Marketing From The Heart – Interview with Chris Burfield","307","1","0","0","0","","0","2021-12-01 20:59:27","2021-12-01 20:59:27","","",""
"22","http://newpatientsnipermethod.com/?aff_code=sticker","snipermethod","Free Book - New Patient Sniper Method","307","1","0","0","1","","0","2021-12-01 20:59:27","2021-12-01 20:59:27","","",""
"23","https://go.chirocandy.com/10","10","10 Patients Before You Pay","307","1","0","0","0","","0","2021-12-01 20:59:27","2023-09-07 19:47:39","","",""
"24","http://chirocandy.wpengine.com/establishing-yourself-as-the-authority","11","Establishing Yourself As The Authority","307","1","0","0","0","","0","2021-12-01 20:59:27","2021-12-01 20:59:27","","",""
"25","http://chirocandy.wpengine.com/establishing-yourself-as-the-authority","ed","Establishing Yourself As The Authority","307","1","0","0","0","","0","2021-12-01 20:59:27","2021-12-01 20:59:27","","",""
"26","http://chirocandy.com/how-to-increase-your-pva","12","CC 012 | How To Increase Your PVA - Interview w/ Dr. Tory Robson","307","1","0","0","0","","0","2021-12-01 20:59:27","2021-12-01 20:59:27","","",""
"27","http://chirocandy.com/tips-for-building-a-practice-from-scratch","13","CC O13 | 20+ Tips For Building a Practice from Scratch – Interview with Dr. Tory Robson (Part 2)","307","1","0","0","0","","0","2021-12-01 20:59:27","2021-12-01 20:59:27","","",""
"28","http://chirocandy.com/being-great","14","CC 014 | Being Great, Not Good – Interview With Dr. Eric Kaplan","307","1","0","0","0","","0","2021-12-01 20:59:27","2021-12-01 20:59:27","","",""
"29","http://chirocandy.com/marketing-mindset","15","CC015 | Marketing Mindset of a Million Dollar Practice – With Dr. Brett Axelrod","307","1","0","0","0","","0","2021-12-01 20:59:27","2021-12-01 20:59:27","","",""
"30","http://www.1shoppingcart.com/app/?Clk=3239094","ads","Ultimate Chiropractic Ads","307","1","0","0","0","","0","2021-12-01 20:59:28","2021-12-01 20:59:28","","",""
"31","http://chirocandy.com/effective-chiropractic-advertising","16","CC 016 | Effective Chiropractic Advertising – Interview with Dr. Michael Beck","307","1","0","0","0","","0","2021-12-01 20:59:28","2021-12-01 20:59:28","","",""
"32","http://chirocandy.com/dynamic-dinner","17","Dominating Dinner Talks With Dynamic Dinner - With Dr. Chris Zaino","307","1","0","0","0","","0","2021-12-01 20:59:28","2021-12-01 20:59:28","","",""
"33","http://chirocandy.com/writing-a-book","18","CC 018 | Writing A Book &amp; Becoming The Authority – With Billy Sticker","307","1","0","0","0","","0","2021-12-01 20:59:28","2021-12-01 20:59:28","","",""
"34","http://chirocandy.com/3-simple-steps-for-marketing","19","CC 019 | 3 Simple Steps For Marketing Your Chiropractic Practice Online","307","1","0","0","0","","0","2021-12-01 20:59:28","2021-12-01 20:59:28","","",""
"35","http://chirocandy.com/posture-by-design","20","CC 020 | Posture By Design – Interview With Dr. Krista Burns","307","1","0","0","0","","0","2021-12-01 20:59:28","2021-12-01 20:59:28","","",""
"36","http://chirocandy.com/worldwide-influence","21","CC 021 | Building Worldwide Influence - Interview With Dr. David Jockers","307","1","0","0","0","","0","2021-12-01 20:59:28","2021-12-01 20:59:28","","",""
"37","http://chirocandy.com/chiropractic-financial-freedom","22","CC 022 | Chiropractic Financial Freedom – Interview With Bruce Reimer","307","1","0","0","0","","0","2021-12-01 20:59:28","2021-12-01 20:59:28","","",""
"38","http://chirocandy.com/land-your-first-professional-sports-team","23","CC 023 | How To Land Your First Professional Sports Team - Interview With Dr. Mark Wade","307","1","0","0","0","","0","2021-12-01 20:59:28","2021-12-01 20:59:28","","",""
"39","http://www.mcssl.com/app/?Clk=5455898","postureexpert","postureexpert","307","1","0","0","1","","0","2021-12-01 20:59:28","2021-12-01 20:59:28","","",""
"40","http://thechiropracticphilanthropist.com/TCPLaborWeekWebinar","podcastwebinar","Dr. Ed &amp; Billy&#039;s Podcast Training","307","1","0","0","0","","0","2021-12-01 20:59:28","2021-12-01 20:59:28","","",""
"41","http://chirocandy.com/supercharge-your-practice-and-profits-podcasting","24","CC 024 | Supercharge Your Practice And Profits Podcasting – Interview with Dr. Ed Osburn","307","1","0","0","0","","0","2021-12-01 20:59:28","2021-12-01 20:59:28","","",""
"42","http://chirocandy.wpengine.com/automate-your-marketing","25","CC 025 | How To Automate Your Marketing - Interview with Jared Yellin - chirocandy","307","1","0","0","0","","0","2021-12-01 20:59:28","2021-12-01 20:59:28","","",""
"43","http://chirocandy.com/communicating-the-power-of-a-chiropractic-adjustment","26","CC 026 | Effectively Communicating The Power of a Chiropractic Adjustment - Interview with Dr. Dan Sullivan","307","1","0","0","0","","0","2021-12-01 20:59:28","2021-12-01 20:59:28","","",""
"44","http://chirocandy.com/helping-patients-sleep-smarter","27","CC 027 | Helping Patients Sleep Smarter - Interview With Shawn Stevenson - chirocandy","307","1","0","0","0","","0","2021-12-01 20:59:28","2021-12-01 20:59:28","","",""
"45","http://chirocandy.com/next-generation-chiropractor","28","CC 028 | The Next Generation Chiropractor – Interview with Dr. Patrick MacNamara","307","1","0","0","0","","0","2021-12-01 20:59:28","2021-12-01 20:59:28","","",""
"46","http://chirocandy.com/the-message-of-chiropractic","29","CC 029 | Connecting The Message of Chiropractic To Your Community – Interview With Dr. Beau Pierce","307","1","0","0","0","","0","2021-12-01 20:59:28","2021-12-01 20:59:28","","",""
"47","http://chirocandy.com/rediscovering-your-chiropractic-purpose","32","CC 032 | Rediscovering Your Chiropractic Purpose – Interview With Dr. Daniel Knowles","307","1","0","0","0","","0","2021-12-01 20:59:28","2021-12-01 20:59:28","","",""
"48","https://undergroundx.isrefer.com/go/evolve/billysticker/","evolved","Evolved Enterprise by Yanik Silver &mdash; Evolved Enterprise","307","1","0","0","0","","0","2021-12-01 20:59:28","2021-12-01 20:59:28","","",""
"49","http://chirocandy.com/5-star-reputation-management","33","Page not found - chirocandy","307","1","0","0","0","","0","2021-12-01 20:59:28","2021-12-01 20:59:28","","",""
"50","http://www.worldtouchcompany.com/chirocandy","scottsmith","FREE Video Offer","307","1","0","0","0","","0","2021-12-01 20:59:28","2021-12-01 20:59:28","","",""
"51","http://archive.aweber.com/awlist3901407/BroSH/h/_Still_Want_to_Write_A_Book_.htm","details","11-16-2015 - - Still Want to Write A Book?","307","1","0","0","1","","0","2021-12-01 20:59:28","2021-12-01 20:59:28","","",""
"52","http://chirocandy.com/3-keys-of-a-successful-chiropractor","34","CC 034 | 3 Keys Of A Successful Chiropractor – Interview with Dr. Matt Hubbard","307","1","0","0","0","","0","2021-12-01 20:59:28","2021-12-01 20:59:28","","",""
"53","http://chirocandy.com/10-steps-to-building-a-million-dollar-chiropractic-practice","31","CC 031 | 10 Steps to Building a Million Dollar Chiropractic Practice - Interview with Dr. Mike Reid - chirocandy","307","1","0","0","0","","0","2021-12-01 20:59:28","2021-12-01 20:59:28","","",""
"54","https://cl153.isrefer.com/go/tpwftv/bist01","transform","Launch Landing Page 1 &mdash; CMI","307","1","0","0","0","","0","2021-12-01 20:59:28","2021-12-01 20:59:28","","",""
"55","http://chirocandy.com/transform-power-workshops","35","CC 035 | Bonus: Transform Power Workshops Training with Dr. Mike Reid","307","1","0","0","0","","0","2021-12-01 20:59:28","2021-12-01 20:59:28","","",""
"56","http://chirocandy.com/evolved-enterprise","36","CC 036 | How To Build An Evolved Enterprise – Interview With Yanik Silver","307","1","0","0","0","","0","2021-12-01 20:59:28","2021-12-01 20:59:28","","",""
"57","http://chirocandy.com/3-essential-steps-to-grow-your-impact","37","CC 037 | 3 Essential Steps To Grow Your Impact &amp; Practice in 2016 – Interview With Dr. Jason Deitch","307","1","0","0","0","","0","2021-12-01 20:59:28","2021-12-01 20:59:28","","",""
"58","https://sticker.clickfunnels.com/c4-optin","facebooktips","C4 - ChiroCandy Coaching Community","307","1","0","0","1","","0","2021-12-01 20:59:28","2021-12-01 20:59:28","","",""
"59","http://chirocandy.com/facebook-ad-campaign","38","CC 038 | $32.40 Facebook Ad Campaign Generates 26 Reviews, 10 Referrals &amp; 181 Page Likes In Only 14 Days","307","1","0","0","0","","0","2021-12-01 20:59:28","2021-12-01 20:59:28","","",""
"60","http://chirocandy.com/5-factors-of-health","39","CC 039 | 5 Factors of Health... &amp; Cal Jam 2016 - Interview with Dr. Billy DeMoss - chirocandy","307","1","0","0","0","","0","2021-12-01 20:59:28","2021-12-01 20:59:28","","",""
"61","http://chirocandy.com/hangouts","hangout","C4 Coaching Community Hangouts","307","1","0","0","0","","0","2021-12-01 20:59:28","2021-12-01 20:59:28","","",""
"62","http://chirocandy.com/chiropractic-philosophy","40","CC 040 | Chiropractic Philosophy &amp; Certainty - Interview With Dr. Christopher Kent - chirocandy","307","1","0","0","0","","0","2021-12-01 20:59:28","2021-12-01 20:59:28","","",""
"63","http://chirocandy.com/c4?ap_id=cod","cod","Join C4 Today!","307","1","0","0","0","","0","2021-12-01 20:59:28","2021-12-01 20:59:28","","",""
"64","http://chirocandy.com/mens-style","41","CC 041 | Men's Style for 2016 - Interview with Antonio Centeno - chirocandy","307","1","0","0","0","","0","2021-12-01 20:59:28","2021-12-01 20:59:28","","",""
"65","http://chirocandy.com/blueprint-to-neuropathy","42","CC 042 | Blueprint To Neuropathy - Interview With Dr. Aaron Gumm - chirocandy","307","1","0","0","0","","0","2021-12-01 20:59:28","2021-12-01 20:59:28","","",""
"66","http://chirocandy.com/businessorjob","a-z","a-z","307","1","0","0","0","","0","2021-12-01 20:59:28","2021-12-01 20:59:28","","",""
"67","http://chirocandy.com/successful-2016","43","CC 043 | 5 Keys To A Successful 2016 - With Billy Sticker","307","1","0","0","0","","0","2021-12-01 20:59:28","2021-12-01 20:59:28","","",""
"68","http://chirocandy.com/purpose-bigger-than-your-fears","44","Page not found - chirocandy","307","1","0","0","0","","0","2021-12-01 20:59:28","2021-12-01 20:59:28","","",""
"69","http://chirocandy.com/chiropractic-patient-referrals-from-medical-doctors","45","Page not found - chirocandy","307","1","0","0","0","","0","2021-12-01 20:59:28","2021-12-01 20:59:28","","",""
"70","http://chirocandy.com/chiropractic-the-documentary","46","Page not found - chirocandy","307","1","0","0","0","","0","2021-12-01 20:59:28","2021-12-01 20:59:28","","",""
"71","http://chirocandy.com/3-facebook-marketing-essentials","47","Page not found - chirocandy","307","1","0","0","0","","0","2021-12-01 20:59:28","2021-12-01 20:59:28","","",""
"72","http://chirocandy.wpengine.com/chiropractic-mastery","48","Page not found - chirocandy","307","1","0","0","1","","0","2021-12-01 20:59:28","2021-12-01 20:59:28","","",""
"73","http://www.mcssl.com/app/?Imp=5455891","cpe","Certified Posture Expert","307","1","0","0","0","","0","2021-12-01 20:59:28","2021-12-01 20:59:28","","",""
"74","http://chirocandy.com/saving-lives","49","CC 049 | Saving Lives - Interview With Dr. BJ Hardick","307","1","0","0","0","","0","2021-12-01 20:59:28","2021-12-01 20:59:28","","",""
"75","http://www.mcssl.com/app/?Clk=5455899","cpe-live","We Are LIVE! - Certified Posture Expert","307","1","0","0","0","","0","2021-12-01 20:59:28","2021-12-01 20:59:28","","",""
"76","http://chirocandy.com/spinal-care-workshops","50","CC 050 | Secrets Of Spinal Care Workshops – Interview With Dr. Paul Reed","307","1","0","0","0","","0","2021-12-01 20:59:28","2021-12-01 20:59:28","","",""
"77","http://www.winnersedgeconsulting.com/dr-eval-page/","tory-eval","Winners Edge Chiropractic Consulting :: Dr Eval Page","307","1","0","0","1","","0","2021-12-01 20:59:28","2021-12-01 20:59:28","","",""
"78","http://chirocandy.com/growth-in-your-practice","51","CC 051 | Top 10 Things To Cause Growth In Your Practice (Part 1) – Interview with Dr. Tory Robson","307","1","0","0","0","","0","2021-12-01 20:59:28","2021-12-01 20:59:28","","",""
"79","http://chirocandy.com/growth-in-your-practice2","52","CC 052 | Top 10 Things To Cause Growth In Your Practice (Part 2) – Interview with Dr. Tory Robson","307","1","0","0","0","","0","2021-12-01 20:59:28","2021-12-01 20:59:28","","",""
"80","https://www.surveymonkey.com/r/6G7Q5MT","booklaunch","Billy&#039;s Book Launch Team","307","1","0","0","0","","0","2021-12-01 20:59:29","2021-12-01 20:59:29","","",""
"81","http://chirocandy.com/chiropractic-life-coach","53","Page not found - chirocandy","307","1","0","0","0","","0","2021-12-01 20:59:29","2021-12-01 20:59:29","","",""
"82","http://chirocandy.com/facebook-marketing-strategies","54","CC 054 | More Facebook Marketing Strategies - With Billy Sticker","307","1","0","0","0","","0","2021-12-01 20:59:29","2021-12-01 20:59:29","","",""
"83","https://members.perfectpatientfunnel.com/refer/?ref=4","patientfunnel","Grow Your Chiropractic Practice Easier with Far More Peace of Mind","307","1","0","0","0","","0","2021-12-01 20:59:29","2021-12-01 20:59:29","","",""
"84","http://chirocandy.com/visit-number-dc-models-going-extinct","56","CC 056 | Are Visit Number DC Models Going Extinct? - Interview With Dr. Josh Wagner","307","1","0","0","0","","0","2021-12-01 20:59:29","2021-12-01 20:59:29","","",""
"85","http://chirocandy.com/5-disney-success-principles","55","CC 055 | 5 Disney Success Principles I Learned On Vacation - With Billy Sticker","307","1","0","0","0","","0","2021-12-01 20:59:29","2021-12-01 20:59:29","","",""
"86","http://chirocandy.com/database-marketing","57","CC 057 | Database Marketing – Interview With Dave Burge","307","1","0","0","0","","0","2021-12-01 20:59:29","2021-12-01 20:59:29","","",""
"87","http://chirocandy.com/the-best-adjustement-is-above-your-atlas","58","CC 058 | The Best Adjustment Is Above Your Atlas – Interview with Dr Joe Borio","307","1","0","0","0","","0","2021-12-01 20:59:29","2021-12-01 20:59:29","","",""
"88","http://chirocandy.com/part-2-the-best-adjustement-is-above-your-atlas","59","CC 059 | Pt 2 - The Best Adjustment Is Above Your Atlas - Interview with Dr Joe Borio","307","1","0","0","0","","0","2021-12-01 20:59:29","2021-12-01 20:59:29","","",""
"89","http://chirocandy.com/chiropractic-world-domination","60","CC 060 | Chiropractic World Domination – Interview with Dr. Liam Schubel","307","1","0","0","0","","0","2021-12-01 20:59:29","2021-12-01 20:59:29","","",""
"90","http://chirocandy.com/trauma-toxins-thoughts","61","CC 061 | Trauma, Toxins &amp; Thoughts - Interview with Dr. Patrick Flynn","307","1","0","0","0","","0","2021-12-01 20:59:29","2021-12-01 20:59:29","","",""
"91","http://chirocandy.wpengine.com/designing-your-ideal-chiropractic-practice","62","CC 062 | Designing Your Ideal Chiropractic Practice – Interview with Dr. Tom Preston","307","1","0","0","0","","0","2021-12-01 20:59:29","2021-12-01 20:59:29","","",""
"92","http://chirocandy.com/chiropractic-critical-mass","63","CC 063 | Chiropractic Critical Mass – Interview with Dr. Michael Viscarelli","307","1","0","0","0","","0","2021-12-01 20:59:29","2021-12-01 20:59:29","","",""
"93","http://chirocandy.com/patient-food-testing","64","CC 064 | 2X Your New Patients By Adding Food Testing - Interview With Dr. Brandon Mannie","307","1","0","0","0","","0","2021-12-01 20:59:29","2021-12-01 20:59:29","","",""
"94","http://chirocandy.com/closing-more-from-talks","65","CC 065 | Closing More From Talks – Interview with Chen Yen","307","1","0","0","0","","0","2021-12-01 20:59:29","2021-12-01 20:59:29","","",""
"95","https://cl153.isrefer.com/go/jpcmil/bist01","jetpack","Jetpack Webinar Signup Page &mdash; CMI","307","1","0","0","1","","0","2021-12-01 20:59:29","2021-12-01 20:59:29","","",""
"96","http://chirocandy.com/attraction-conversion-retention-wellness","66","CC 066 | Attraction, Conversion, Retention &amp; Wellness - Interview with Dr. Mike Reid","307","1","0","0","0","","0","2021-12-01 20:59:29","2021-12-01 20:59:29","","",""
"97","http://chirocandy.com/closing-more-patients","67","7 Secrets To Closing More Patients - With Billy Sticker","307","1","0","0","0","","0","2021-12-01 20:59:29","2021-12-01 20:59:29","","",""
"98","http://chirocandy.com/private-practice-millionaire","68","CC 068 | Private Practice Millionaire – Interview with Christopher Music","307","1","0","0","0","","0","2021-12-01 20:59:29","2021-12-01 20:59:29","","",""
"99","http://chirocandy.com/chiropractic-millionaire-maker","69","CC 069 | The Chiropractic Millionaire Maker Part 1of 3 – Interview w/ Dr. Erich Breitenmoser","307","1","0","0","0","","0","2021-12-01 20:59:29","2021-12-01 20:59:29","","",""
"100","http://chirocandy.com/chiropractic-millionaire-maker-part2","70","CC 070 | The Chiropractic Millionaire Maker Part 2of 3 – Interview w/ Dr. Erich Breitenmoser","307","1","0","0","0","","0","2021-12-01 20:59:29","2021-12-01 20:59:29","","",""
"101","http://chirocandy.com/chiropractic-millionaire-maker-part3","71","CC 071 | The Chiropractic Millionaire Maker Part 3of 3 – Interview w/ Dr. Erich Breitenmoser","307","1","0","0","0","","0","2021-12-01 20:59:29","2021-12-01 20:59:29","","",""
"102","http://chirocandy.com/stop-selling","72","CC 072 | Stop Selling &amp; Close More Reports - Interview with Dr. Charles Webb","307","1","0","0","0","","0","2021-12-01 20:59:29","2021-12-01 20:59:29","","",""
"103","http://chirocandy.com/get-amped","73","CC 073 | Get AMPED – Interview with Drs. Jeremy &amp; Amanda Hess","307","1","0","0","0","","0","2021-12-01 20:59:29","2021-12-01 20:59:29","","",""
"104","http://dcinstantinfluencer.com/go","write","write","301","1","0","0","0","","0","2021-12-01 20:59:29","2021-12-01 20:59:29","","",""
"105","http://chirocandy.com/understanding-facebook-live","74","CC 074 | Understand Facebook Live... &amp; Other Marketing Tips - With Dr. Matthew Loop","301","1","0","0","0","","0","2021-12-01 20:59:29","2021-12-01 20:59:29","","",""
"106","http://www.mcssl.com/app/?Clk=5537326","wowca1","wowca1","307","1","0","0","1","","0","2021-12-01 20:59:29","2021-12-01 20:59:29","","",""
"107","http://www.mcssl.com/app/?Clk=5537325","wowca2","Wow CA!","301","1","0","0","0","","0","2021-12-01 20:59:29","2021-12-01 20:59:29","","",""
"108","https://chirofunnelsecrets.com/webinar?affiliate_id=490314","chirofunnels","ChiroFunnelSecrets!","301","1","0","0","0","","0","2021-12-01 20:59:29","2021-12-01 20:59:29","","",""
"109","http://chirocandy.com/chiropractic-marketing-funnels","75","CC 075 | 3 Chiropractic Marketing Funnels - Interview With Dr. Chad Woolner","301","1","0","0","0","","0","2021-12-01 20:59:29","2021-12-01 20:59:29","","",""
"110","http://chirocandy.com/increasing-your-pva","76","CC 076 | Best of Episode – Increasing Your PVA – With Dr. Tory Robson","307","1","0","0","0","","0","2021-12-01 20:59:29","2021-12-01 20:59:29","","",""
"111","http://chirocandy.com/4-pillars-of-chiropractic-success","77","CC077 | 4 Pillars of Chiropractic Success - With Dr. Charles Ward","301","1","0","0","0","","0","2021-12-01 20:59:29","2021-12-01 20:59:29","","",""
"112","http://chirocandy.com/why-i-do-what-i-do","78","CC 078 | Why I Do What I Do – With Billy Sticker","307","1","0","0","0","","0","2021-12-01 20:59:29","2021-12-01 20:59:29","","",""
"113","https://dotcomsecretsbook.com/get-it-free?cf_affiliate_id=389211&affiliate_id=389211","freedcsbook","Russell Brunson FREE Book","301","1","0","0","0","","0","2021-12-01 20:59:29","2021-12-01 20:59:29","","",""
"114","https://c4.chirocandy.com/c4notavailable","c4","C4 - ChiroCandy Coaching Community","301","1","0","0","0","","0","2021-12-01 20:59:29","2021-12-01 20:59:29","","",""
"115","http://chirocandy.com/visit-number-dc-models-going-extinct-best-of","79","Are Visit Number DC Models Going Extinct? (Best of) - W/ Dr Josh Wagner","307","1","0","0","0","","0","2021-12-01 20:59:29","2021-12-01 20:59:29","","",""
"116","http://chirocandy.com/chiropractic-relationship-marketing","80","080 | Chiropractic Relationship Marketing - Interview with Dr. Jerry Kennedy","301","1","0","0","0","","0","2021-12-01 20:59:29","2021-12-01 20:59:29","","",""
"117","https://www.paypal.com/cgi-bin/webscr?cmd=_s-xclick&hosted_button_id=8GBZC6G83KLPN","c4life","C4 Lifetime Membership w/ Bonuses!","301","1","0","0","0","","0","2021-12-01 20:59:29","2021-12-01 20:59:29","","",""
"118","http://chirocandy.com/remarkable-chiropractic-practice","81","Building The Remarkable Chiropractic Practice - With Dr. Stephen Franson &amp; Billy Sticker","307","1","0","0","0","","0","2021-12-01 20:59:29","2021-12-01 20:59:29","","",""
"119","https://go.billysticker.com/share-headache-funnel","headachefunnel","FREE Headache Campaign","307","1","0","0","1","","0","2021-12-01 20:59:29","2021-12-01 20:59:29","","",""
"120","http://chirocandy.com/get-uncomfortable","82","82: Get Uncomfortable - Interview With Dr. Erik Brower &amp; Billy Sticker","307","1","0","0","0","","0","2021-12-01 20:59:29","2021-12-01 20:59:29","","",""
"121","https://go.billysticker.com/fbchecklist","fbchecklist","24 Point Facebook Ad Checklist","301","1","0","0","0","","0","2021-12-01 20:59:29","2021-12-01 20:59:29","","",""
"122","https://s3.amazonaws.com/billysticker/Facebook+Funnels+Webinar_Handout794.pdf","ward","ward","307","1","0","0","1","","0","2021-12-01 20:59:29","2021-12-01 20:59:29","","",""
"123","http://chirocandy.com/beyond-the-pain","83","83: Beyond The Pain - Interview with Dr. Jeff May","301","1","0","0","0","","0","2021-12-01 20:59:29","2021-12-01 20:59:29","","",""
"124","http://chirocandy.com/building-a-pediatric-practice","84","Building A Pediatric Chiropractic Practice - w/ Dr. Tony Ebel &amp; Billy Sticker","301","1","0","0","0","","0","2021-12-01 20:59:29","2021-12-01 20:59:29","","",""
"125","http://chirocandy.com/facebook-marketing-secrets","85","85: 3 Facebook Marketing Secrets - With Billy Sticker - chirocandy","301","1","0","0","0","","0","2021-12-01 20:59:29","2021-12-01 20:59:29","","",""
"126","http://chirocandy.com/video-marketing-essentials","86","86: Video Marketing Essentials - With Billy Sticker - chirocandy","307","1","0","0","0","","0","2021-12-01 20:59:29","2021-12-01 20:59:29","","",""
"127","http://az_associate.ositracker.com/34859/3454","atozvideos","A to Z Associate Program","307","1","0","0","1","","0","2021-12-01 20:59:30","2021-12-01 20:59:30","","",""
"128","https://perfectwebinarsecrets.com/get-it-free?affiliate_id=389211&cf_affiliate_id=389211","perfectwebinar","Perfect Webinar Secrets","307","1","0","0","0","","0","2021-12-01 20:59:30","2021-12-01 20:59:30","","",""
"129","http://chirocandy.com/chirosushi","87","87: When ChiroSushi Meets ChiroCandy - Interview with Tristan Schaub - chirocandy","307","1","0","0","0","","0","2021-12-01 20:59:30","2021-12-01 20:59:30","","",""
"130","http://chirocandy.com/brain-based-wellness","88","Page not found - chirocandy","307","1","0","0","0","","0","2021-12-01 20:59:30","2021-12-01 20:59:30","","",""
"131","http://chirocandy.aweber.com","aweber","Email Marketing | AWeber","301","1","0","0","0","","0","2021-12-01 20:59:30","2021-12-01 20:59:30","","",""
"132","http://chirocandy.com/clarifying-communication","89","89: Clarifying Communication To Your Patients - Interview with Dr. Jacob Sims - chirocandy","307","1","0","0","0","","0","2021-12-01 20:59:30","2021-12-01 20:59:30","","",""
"133","http://chirocandy.com/tma-attack-on-chiropractic","90","90","307","1","0","0","0","","0","2021-12-01 20:59:30","2021-12-01 20:59:30","","",""
"134","https://c4.chirocandy.com/marketing-challenge","challenge","The Chiropractic Marketing Challenge!","301","1","0","0","0","","0","2021-12-01 20:59:30","2021-12-01 20:59:30","","",""
"135","http://chirocandy.com/chiropractic-marketing-challenge","91","91: Chiropractic Marketing Challenge! - chirocandy","307","1","0","0","0","","0","2021-12-01 20:59:30","2021-12-01 20:59:30","","",""
"136","http://chirocandy.com/building-a-referable-practice","92","92: Building A Referable Practice - Interview with Dr. Kelly Polzin &amp; Manjit Gauba - chirocandy","307","1","0","0","0","","0","2021-12-01 20:59:30","2021-12-01 20:59:30","","",""
"137","http://chirocandy.com/email-marketing-for-chiropractors","93","93: Email Marketing For Chiropractors - With Billy Sticker - chirocandy","307","1","0","0","0","","0","2021-12-01 20:59:30","2021-12-01 20:59:30","","",""
"138","http://chirocandy.com/2017-marketing-plan","94","94: Your 2017 Marketing Plan - With Billy Sticker - chirocandy","307","1","0","0","0","","0","2021-12-01 20:59:30","2021-12-01 20:59:30","","",""
"139","http://chirocandy.com/7-reasons-write-a-book","95","95: 7 Reasons To Write A Book - With Billy Sticker - chirocandy","307","1","0","0","0","","0","2021-12-01 20:59:30","2021-12-01 20:59:30","","",""
"140","https://go.billysticker.com/webinar-registration","facebooktraining","The Ultimate Facebook Training","307","1","0","0","0","","0","2021-12-01 20:59:30","2021-12-01 20:59:30","","",""
"141","http://chirocandy.com/nutrition-systems","96","96: How To Use Nutrition Systems To Grow Your Practice - Interview With Travis Dillard - chirocandy","307","1","0","0","0","","0","2021-12-01 20:59:30","2021-12-01 20:59:30","","",""
"142","https://my.worldgn.com/store/chirocandy","helo","CHIROCANDY | wor(l)d global network","307","1","0","0","0","","0","2021-12-01 20:59:30","2021-12-01 20:59:30","","",""
"143","https://go.billysticker.com/webinar-registration","fbtraining","The ULTIMATE Facebook Marketing Training","307","1","0","0","1","","0","2021-12-01 20:59:30","2021-12-01 20:59:30","","",""
"144","https://at119.isrefer.com/go/vrmis/chirocandy/","vrmission","Mission | Vaccines Revealed","307","1","0","0","0","","0","2021-12-01 20:59:30","2021-12-01 20:59:30","","",""
"145","http://chirocandy.com/vaccines_revealed","97","BONUS: Vaccines Revealed!","307","1","0","0","0","","0","2021-12-01 20:59:30","2021-12-01 20:59:30","","",""
"146","http://chirocandy.com/vaccines_revealed","vaccines-revealed","BONUS: Vaccines Revealed!","307","1","0","0","0","","0","2021-12-01 20:59:30","2021-12-01 20:59:30","","",""
"147","http://yes.wellnessnow.co/webinar-registration","drjay","The 5 Fundamentals of a Successful Practice in 2017!","307","1","0","0","1","","0","2021-12-01 20:59:30","2021-12-01 20:59:30","","",""
"148","http://chirocandy.com/traits-successful-chiropractor","98","98: Traits of a Successful Chiropractor - Interview with Legendary Coach Dr. Jay Morgan - chirocandy","307","1","0","0","0","","0","2021-12-01 20:59:30","2021-12-01 20:59:30","","",""
"149","http://chirocandy.wpengine.com/wp-admin/admin.php?page=pretty-link","prettylink","chirocandy &lsaquo; Log In","307","1","0","0","0","","0","2021-12-01 20:59:30","2021-12-01 20:59:30","","",""
"150","http://chirocandy.com/ultimate-referral-machine","99","99: Your Ultimate Referral Machine - chirocandy","307","1","0","0","0","","0","2021-12-01 20:59:30","2021-12-01 20:59:30","","",""
"151","http://chirocandy.com/spinal-hygiene-movement","100","100: Spinal Hygiene Movement - Interview with Dr. Tabor Smith - chirocandy","301","1","0","0","0","","0","2021-12-01 20:59:30","2021-12-01 20:59:30","","",""
"152","http://chirocandycruise.com/2018","cruise","ChiroCandy Cruise 2018","301","1","0","0","0","","0","2021-12-01 20:59:30","2021-12-01 20:59:30","","",""
"153","http://chirocandy.com/cruise-2018","101","101: The ChiroCandy Cruise - with Billy Sticker - chirocandy","301","1","0","0","0","","0","2021-12-01 20:59:30","2021-12-01 20:59:30","","",""
"154","https://patientmastery.com/enter?affiliate_id=576045","mastery","Patient Mastery","301","1","0","0","0","","0","2021-12-01 20:59:30","2021-12-01 20:59:30","","",""
"155","http://chirocandy.com/patient-centered-communication","102","102: Patient Centered Communication - Interview w/ Dr. Josh Wagner - chirocandy","307","1","0","0","0","","0","2021-12-01 20:59:30","2021-12-01 20:59:30","","",""
"156","http://chirocandy.com/practicing-abroad-part1","103","103: Practicing Abroad Part 1 - Interview w/ Dr Jenny Li - chirocandy","307","1","0","0","0","","0","2021-12-01 20:59:30","2021-12-01 20:59:30","","",""
"157","http://chirocandy.com/successful-chiropractor","104","Page not found - chirocandy","307","1","0","0","0","","0","2021-12-01 20:59:30","2021-12-01 20:59:30","","",""
"158","https://www.iheart.com/show/263-ChiroCandy-The-Podcast-Of/","iheart","iheart","307","1","0","0","0","","0","2021-12-01 20:59:30","2021-12-01 20:59:30","","",""
"159","http://chirocandy.com/8-key-takeaways-funnel-hacking-live","105","105: 8 Key Takeaways From Funnel Hacking Live with Billy Sticker - chirocandy","301","1","0","0","0","","0","2021-12-01 20:59:30","2021-12-01 20:59:30","","",""
"160","https://postureexpert.samcart.com/referral/xtZv4yDW/182233","pnvideo1","CPNQ4 Free Training Opt In Affiliates &mdash; American Posture Institute","301","1","0","0","0","","0","2021-12-01 20:59:30","2021-12-01 20:59:30","","",""
"161","https://postureexpert.samcart.com/referral/in7U6OrX/182233","pnvideo2","Postural Neurology Video 2","307","1","0","0","0","","0","2021-12-01 20:59:30","2021-12-01 20:59:30","","",""
"162","http://chirocandy.com/practicing-abroad-part-2","106","106","307","1","0","0","0","","0","2021-12-01 20:59:30","2021-12-01 20:59:30","","",""
"163","https://postureexpert.samcart.com/referral/VwXl0ebQ/182233","pnvideo3","CPNQ4 Free Training Opt In Affiliates &mdash; American Posture Institute","307","1","0","0","0","","0","2021-12-01 20:59:30","2021-12-01 20:59:30","","",""
"164","http://postureexpert.samcart.com/referral/Odh9xlhI/182233","posturalneurologylive","Postural Neurology Is LIVE!","307","1","0","0","0","","0","2021-12-01 20:59:30","2021-12-01 20:59:30","","",""
"165","http://chirocandy.com/hugh-liddle-the-sales-wizard","107","107: Hugh Liddle - The Sales Wizard - chirocandy","307","1","0","0","0","","0","2021-12-01 20:59:30","2021-12-01 20:59:30","","",""
"166","http://chirocandy.com/creating-ultimate-authority","108","108: Creating Ultimate Authority with Billy Sticker","307","1","0","0","0","","0","2021-12-01 20:59:30","2021-12-01 20:59:30","","",""
"167","https://postureexpert.samcart.com/referral/PEVSGVOH/182233","cpnreopen","cpnreopen","307","1","0","0","0","","0","2021-12-01 20:59:31","2021-12-01 20:59:31","","",""
"168","http://chirocandy.com/big-idea-mentor","109","109: Success is an Obligation - with Dr. Steve Burlison - chirocandy","301","1","0","0","0","","0","2021-12-01 20:59:31","2021-12-01 20:59:31","","",""
"169","http://chirocandy.com/practice-automation","110","Episode 110: Blueprint To Practice Automation - Interview w/ Dr. Aaron Gumm","307","1","0","0","0","","0","2021-12-01 20:59:31","2021-12-01 20:59:31","","",""
"170","https://academy.edlecara.com/a/3625/rk9yT48Y","edlecara","Free Video Series - Keeping In Touch with Your Patients and Clients","307","1","0","0","0","","0","2021-12-01 20:59:31","2021-12-01 20:59:31","","",""
"171","http://chirocandy.com/waiting-list-practice","111","111: Creating a Waiting List Practice - Interview with Dr. Ed Le Cara - chirocandy","307","1","0","0","0","","0","2021-12-01 20:59:31","2021-12-01 20:59:31","","",""
"172","https://expertsecrets.com/?cf_affiliate_id=389211&affiliate_id=389211","expertbook","Expert Secrets - Get Your FREE Copy","307","1","0","0","0","","0","2021-12-01 20:59:31","2021-12-01 20:59:31","","",""
"173","https://expertsecrets.com/?cf_affiliate_id=389211&affiliate_id=389211","expertsecrets","Expert Secrets - Get Your FREE Copy","307","1","0","0","0","","0","2021-12-01 20:59:31","2021-12-01 20:59:31","","",""
"174","http://chirocandy.com/branding-yourself-expert","112","112: Branding Yourself as an Expert - Interview with Dr. Robert Silverman - chirocandy","307","1","0","0","0","","0","2021-12-01 20:59:31","2021-12-01 20:59:31","","",""
"175","http://chirocandy.com/million-dollar-practice","113","113","307","1","0","0","0","","0","2021-12-01 20:59:31","2021-12-01 20:59:31","","",""
"176","http://chirocandy.com/chirosushi-summit-review","114","114: ChiroSushi Summit Review - My Top Marketing Takeaways - chirocandy","307","1","0","0","0","","0","2021-12-01 20:59:31","2021-12-01 20:59:31","","",""
"177","https://go.billysticker.com/webinar-registration","fb-training","The ULTIMATE Facebook Marketing Training","301","1","0","0","0","","0","2021-12-01 20:59:31","2021-12-01 20:59:31","","",""
"178","http://chirocandy.com/brand-building","115","115: The Power of Brand Building - with Ken &quot;Spanky&quot; Moskowitz - chirocandy","307","1","0","0","0","","0","2021-12-01 20:59:31","2021-12-01 20:59:31","","",""
"179","http://chirocandy.com/danny-veiga","116","116: Facebook Marketing with Daniel Veiga - chirocandy","307","1","0","0","0","","0","2021-12-01 20:59:31","2021-12-01 20:59:31","","",""
"180","http://chirocandy.com/stroke-chiropractic","117","117: Stroke and Chiropractic - Interview with Dr. Stu Hoffman - chirocandy","307","1","0","0","0","","0","2021-12-01 20:59:31","2021-12-01 20:59:31","","",""
"181","http://chirocandy.com/3-more-facebook-marketing-secrets","118","Episode 118: 3 More Facebook Marketing Secrets with Billy Sticker","301","1","0","0","0","","0","2021-12-01 20:59:31","2021-12-01 20:59:31","","",""
"182","http://chirocandy.com/success-self-image","119","119: Success & The Self Image - Billy Sticker","301","1","0","0","0","","0","2021-12-01 20:59:31","2021-12-01 20:59:31","","",""
"183","https://go.billysticker.com/challenge-home/e080c900eab","challenge-access","Chiropractic Marketing Challenge","307","1","0","0","0","","0","2021-12-01 20:59:31","2021-12-01 20:59:31","","",""
"184","http://chirocandy.com/storms-of-life","120","120: Storms of Life - with Billy Sticker - chirocandy","307","1","0","0","0","","0","2021-12-01 20:59:31","2021-12-01 20:59:31","","",""
"185","http://chirocandy.com/chiropractic-wealth-management","121","121: Chiropractic Wealth Management - with Todd Calamita - chirocandy","307","1","0","0","0","","0","2021-12-01 20:59:31","2021-12-01 20:59:31","","",""
"186","http://chirocandy.com/beyond-bones","123","123: 105 Patient Visits Your First Week - Interview with Dr. Ryan Bones - chirocandy","307","1","0","0","0","","0","2021-12-01 20:59:31","2021-12-01 20:59:31","","",""
"187","http://chirocandy.com/john-lee-dumas","122","122: Entrepreneur On Fire - with John Lee Dumas - chirocandy","307","1","0","0","0","","0","2021-12-01 20:59:31","2021-12-01 20:59:31","","",""
"188","http://chirocandy.com/dr-vince-leone","124","124","307","1","0","0","0","","0","2021-12-01 20:59:31","2021-12-01 20:59:31","","",""
"189","https://sticker.clickfunnels.com/affiliate-access11844171/045e328b9ef","affiliate-sign-up","ChiroCandy Cruise Affiliate Access","307","1","0","0","0","","0","2021-12-01 20:59:31","2021-12-01 20:59:31","","",""
"190","https://go.chirocandy.com/intake-form","intake","New Client","307","1","0","0","0","1","0","2021-12-01 20:59:31","2022-07-18 17:28:49","","",""
"191","http://chirocandy.com/10-rules-for-success","125","125: 10 Rules For Success - With Billy Sticker - chirocandy","307","1","0","0","0","","0","2021-12-01 20:59:31","2021-12-01 20:59:31","","",""
"192","http://chirocandy.com/corporate-wellness","126","126: Getting Into Corporate Wellness - Interview w/ Dr. Kevin Christie - chirocandy","307","1","0","0","0","","0","2021-12-01 20:59:31","2021-12-01 20:59:31","","",""
"193","http://chirocandy.com/hurricane-harvey","127","127: Success Through The Storm - What I Learned From Hurricane Harvey - chirocandy","307","1","0","0","0","","0","2021-12-01 20:59:31","2021-12-01 20:59:31","","",""
"194","http://chirocandy.com/128-new-facebook-marketing-strategy","128","128: My New Facebook Marketing Strategy - chirocandy","307","1","0","0","0","","0","2021-12-01 20:59:31","2021-12-01 20:59:31","","",""
"195","http://chirocandy.com/chirosummit","129","129: Advice From 33 Chiropractic Industry Leaders - Interview with Dr. Mike Headlee - chirocandy","307","1","0","0","0","","0","2021-12-01 20:59:31","2021-12-01 20:59:31","","",""
"196","http://chirocandy.com/chiro-ceo","130","130: From Practitioner to CEO - Interview w/ Dr. Peter Camiolo - chirocandy","307","1","0","0","0","","0","2021-12-01 20:59:31","2021-12-01 20:59:31","","",""
"197","http://chirocandy.com/marketing-dream-practice","131","131: Marketing Your Dream Practice with Dr. Stephanie Maj - chirocandy","307","1","0","0","0","","0","2021-12-01 20:59:31","2021-12-01 20:59:31","","",""
"198","http://chirocandy.com/how-to-10x-business","132","132: How to 10x Your Business - chirocandy","307","1","0","0","0","","0","2021-12-01 20:59:31","2021-12-01 20:59:31","","",""
"199","http://chirocandy.com/crushing-day-1-2-procedures","133","133: Crushing Day 1 and 2 Procedures - Interview with Dr. Carolyn Griffin - chirocandy","307","1","0","0","0","","0","2021-12-01 20:59:31","2021-12-01 20:59:31","","",""
"200","http://chirocandy.com/art-of-story","134","134: The Art of Story with Dr. Mary Lucas-Flannery - chirocandy","307","1","0","0","0","","0","2021-12-01 20:59:31","2021-12-01 20:59:31","","",""
"201","http://billysticker.com/","marketingv2","Billy Sticker | Author, Marketer, Speaker, Podcast Host","307","1","0","0","0","","0","2021-12-01 20:59:31","2021-12-01 20:59:31","","",""
"202","https://calendly.com/andrewch","strategy","strategy","307","1","0","0","0","","0","2021-12-01 20:59:31","2021-12-01 20:59:31","","",""
"203","https://form.jotform.com/billysticker/video-request-form","videoedits","Video Request Form","307","1","0","0","0","","0","2021-12-01 20:59:31","2021-12-01 20:59:31","","",""
"204","https://c4.chirocandy.com/pdf-optin","ebc","FREE PDF Tip Sheet","307","1","0","0","0","","0","2021-12-01 20:59:31","2021-12-01 20:59:31","","",""
"205","http://chirocandy.com/spinal-hygienist","138","Spinal Hygienist with Dr. Tabor Smith","301","1","0","0","0","","0","2021-12-01 20:59:31","2021-12-01 20:59:31","","",""
"206","http://chirocandy.com/3-reasons-facebook-ads-are-not-working","139","139: 3 Reasons Facebook Ads Are Not Working with Billy Sticker - chirocandy","301","1","0","0","0","","0","2021-12-01 20:59:31","2021-12-01 20:59:31","","",""
"207","https://open.spotify.com/show/5q5bnNeMynDNBKI2cLPAVv?si=r97t4EK0T6SlysW9FpVhZQ","spotify","ChiroCandy: Chiropractic Marketing Podcast on Spotify","301","1","0","0","0","","0","2021-12-01 20:59:31","2021-12-01 20:59:31","","",""
"208","https://10xsecrets.com/masterclass?cf_affiliate_id=389211&affiliate_id=389211","10xsecrets","10X Secrets Masterclass","301","1","0","0","0","","0","2021-12-01 20:59:31","2021-12-01 20:59:31","","",""
"209","http://chirocandy.com/suck-selling","140","140: If You Suck at Selling This Will Help with Billy Sticker - chirocandy","307","1","0","0","0","","0","2021-12-01 20:59:31","2021-12-01 20:59:31","","",""
"210","https://go.billysticker.com/london10x","london10x","Ultimate AUTHORity London 10X","307","1","0","0","0","","0","2021-12-01 20:59:32","2021-12-01 20:59:32","","",""
"211","http://www.chirocandymarketing.com/success-stories","success-stories","Success Stories - ChiroCandy Marketing","307","1","0","0","0","","0","2021-12-01 20:59:32","2021-12-01 20:59:32","","",""
"212","https://c4.chirocandy.com/pdf-optin","paris","FREE PDF Tip Sheet","307","1","0","0","0","","0","2021-12-01 20:59:32","2021-12-01 20:59:32","","",""
"213","https://c4.chirocandy.com/pdf-optin","success-summit","FREE PDF Tip Sheet","307","1","0","0","0","","0","2021-12-01 20:59:32","2021-12-01 20:59:32","","",""
"214","https://chiropracticjobsonline.idevaffiliate.com/104.html","chirojobs","Post A Chiropractor Job | Chiropractic Jobs Online | Chiropractic Jobs Online","307","1","0","0","0","","0","2021-12-01 20:59:32","2021-12-01 20:59:32","","",""
"215","https://form.jotform.com/90085070103141","cancel","Client Cancel","307","1","0","0","0","","0","2021-12-01 20:59:32","2024-06-06 15:03:44","","",""
"216","http://chirocandy.com/holy-grail-business","141","141: Schubel's Holy Grail of Business with Liam Schubel - chirocandy","307","1","0","0","0","","0","2021-12-01 20:59:32","2021-12-01 20:59:32","","",""
"217","https://go.chirocandy.com/2025","tribe","Perfect Patient Tribe Turbine - ChiroCandy Marketing","307","1","0","0","0","","0","2021-12-01 20:59:32","2025-01-04 22:47:38","","",""
"218","http://chirocandy.com/142-how-to-succeed-with-facebook-marketing-series-part-1-with-billy-sticker","142","142: How to Succeed with Facebook Marketing Series Part 1 - with Billy Sticker - chirocandy","301","1","0","0","0","","0","2021-12-01 20:59:32","2021-12-01 20:59:32","","",""
"219","https://chirofunnelsecrets.com/webinar?affiliate_id=490314","funnels","Chirofunnelsecrets.com","307","1","0","0","0","","0","2021-12-01 20:59:32","2021-12-01 20:59:32","","",""
"220","http://chirocandy.com/143-chirofunnel-secrets-w-chad-woolner","143","143: ChiroFunnel Secrets w/ Chad Woolner - chirocandy","307","1","0","0","0","","0","2021-12-01 20:59:32","2021-12-01 20:59:32","","",""
"221","http://chirocandy.com/chasing-success","144","144: Chasing Success with Dr. Alok Trivedi - chirocandy","307","1","0","0","0","","0","2021-12-01 20:59:32","2021-12-01 20:59:32","","",""
"222","https://www.chirocandymarketing.com/getnewpatients","getnewpatients","Success Stories - ChiroCandy Marketing","307","1","0","0","0","","0","2021-12-01 20:59:32","2021-12-01 20:59:32","","",""
"223","https://calendly.com/billysticker/15-min-chirocandy-call","callwithbilly","callwithbilly","307","1","0","0","0","","0","2021-12-01 20:59:32","2025-09-15 19:11:38","","",""
"224","https://form.jotform.com/90084301095147","event","Client Event Intake","307","1","0","0","0","","0","2021-12-01 20:59:32","2021-12-01 20:59:32","","",""
"225","https://go.oncehub.com/OneonOneStrategyCall","callwithbrady","callwithbrady","307","1","0","0","0","","0","2021-12-01 20:59:32","2021-12-01 20:59:32","","",""
"226","https://cmbav42jzhkdmberlbuu.memberships.msgsndr.com/","client-training","Training Portal","307","1","0","0","0","1","0","2021-12-01 20:59:32","2023-02-13 17:15:42","","",""
"227","https://c4.chirocandy.com/pdf-optin","lwp","FREE PDF Tip Sheet","307","1","0","0","0","","0","2021-12-01 20:59:32","2021-12-01 20:59:32","","",""
"228","https://et151.isrefer.com/go/discover-2020/trp/","discover2020","discover2020","307","1","0","0","0","","0","2021-12-01 20:59:32","2021-12-01 20:59:32","","",""
"229","https://www.reviewtec.com/review-1475/chirocandy-marketing-llc","review","Send a Review Request","307","1","0","0","0","","0","2021-12-01 20:59:32","2021-12-01 20:59:32","","",""
"230","https://cart.xenestalife.com/chiro/KETOPACKS/KETOOnDemandMonthlySupplyPreferred/","keto30","KETO On Demand™ Monthly Supply Preferred","307","1","0","0","0","","0","2021-12-01 20:59:32","2021-12-01 20:59:32","","",""
"231","https://cart.xenestalife.com/chiro/KETOPACKS/KETOOnDemandMonthlySupplyPreferred/","keto","KETO On Demand™ Monthly Supply Preferred","307","1","0","0","0","","0","2021-12-01 20:59:32","2021-12-01 20:59:32","","",""
"232","http://chirocandy.com/158-how-to-dominate-social-media-marketing-without-discounting-services","158","158: How to Dominate Social Media Marketing without Discounting Services! - chirocandy","307","1","0","0","0","","0","2021-12-01 20:59:32","2021-12-01 20:59:32","","",""
"233","https://ryanriederbootcamp.com/newpatientsfromtalksdallasbs","dallasbootcamp","New Patients From Talks Bootcamp - Dallas, Texas","307","1","0","0","0","","0","2021-12-01 20:59:32","2021-12-01 20:59:32","","",""
"234","https://www.activecampaign.com/?_r=E5U148YF","activecampaign","Email Marketing - Marketing Automation - Small Business CRM","301","1","0","0","0","","0","2021-12-01 20:59:32","2021-12-01 20:59:32","","",""
"235","https://go.chirocandy.com/2025","marketing","Perfect Patient Tribe Turbine - ChiroCandy Marketing","301","1","0","0","0","","0","2021-12-01 20:59:32","2025-01-04 22:47:57","","",""
"236","https://www.chiropracticmarketinguniversity.com/discover","27fbads","Chiropractic Marketing University","307","1","0","0","0","","0","2021-12-01 20:59:32","2021-12-01 20:59:32","","",""
"237","https://www.chiropracticmarketinguniversity.com/scholarship","parler","Chiropractic Marketing University","307","1","0","0","0","","0","2021-12-01 20:59:32","2021-12-01 20:59:32","","",""
"238","https://go.chirocandy.com/onboarding-call","onboarding","Onboarding Calls","307","1","0","0","0","","0","2021-12-01 20:59:32","2021-12-01 20:59:32","","",""
"239","https://zoom.us/s/183793498","zoom","Launch Meeting - Zoom","307","1","0","0","0","","0","2021-12-01 20:59:32","2021-12-01 20:59:32","","",""
"240","https://www.jotform.com/billysticker/careers","apply","Careers","307","1","0","0","0","","0","2021-12-01 20:59:32","2021-12-01 20:59:32","","",""
"241","https://api.leadconnectorhq.com/widget/booking/FhHziKhQUZGceSRL6P8s","callwithmichael","callwithmichael","307","1","0","0","0","","0","2021-12-01 20:59:32","2024-11-01 22:07:40","","",""
"242","https://api.leadconnectorhq.com/widget/booking/KtP8NudSNwfirKy5Z3ol","callwithamanda","Calendly - Amanda Post","307","1","0","0","0","","0","2021-12-01 20:59:32","2024-10-30 14:50:49","","",""
"243","https://calendly.com/schedule-with-travis/20min","callwithtravis","Calendly - Travis Clark","307","1","0","0","0","","0","2021-12-01 20:59:32","2021-12-01 20:59:32","","",""
"244","https://calendly.com/mattchirocandy/call-with-matt","callwithmatt","Calendly - Matt Keenan","307","1","0","0","0","","0","2021-12-01 20:59:32","2021-12-01 20:59:32","","",""
"245","https://api.leadconnectorhq.com/widget/booking/oPu7su1TPsevv84Tthc9","callwithalex","Alex Ladwig","307","1","0","0","0","","0","2021-12-01 20:59:32","2024-11-01 22:09:02","","",""
"246","https://www.chirocandymarketing.com/tribe","amped","Perfect Patient Tribe Turbine - ChiroCandy Marketing","307","1","0","0","0","","0","2021-12-01 20:59:32","2021-12-01 20:59:32","","",""
"247","https://docs.google.com/spreadsheets/d/1op2qsTzvN3jTtw6yXm5c94m5CTaF2ia8eWynied5_jQ/edit?usp=sharing","video-brainstorm","Video CONTENT BRAINSTORM - Google Sheets","307","1","0","0","0","","0","2021-12-01 20:59:32","2021-12-01 20:59:32","","",""
"248","https://drive.google.com/file/d/1BQqOUcRqq635NJkPAjKqcrYnHjGF-vge/view?usp=sharing","script","Pre-Payment Phone Script.pdf - Google Drive","307","1","0","0","0","","0","2021-12-01 20:59:32","2021-12-01 20:59:32","","",""
"249","https://calendly.com/call-with-deanna/20min","callwithdeanna","Calendly - DeAnna Lucas","307","1","0","0","0","","0","2021-12-01 20:59:32","2021-12-01 20:59:32","","",""
"250","https://andrew.chirocandy.com/schedule-with-andrew","callwithandrew","Calendly - Andrew Hardwick","307","1","0","0","0","","0","2021-12-01 20:59:32","2025-03-28 15:41:52","","",""
"251","https://docs.google.com/spreadsheets/d/1YSGE1r1mHZZQbTFcNYyBiapO_k9aetNHlrU6WSAogV8/edit#gid=0","sample-videos","Video Examples - Google Sheets","307","1","0","0","0","","0","2021-12-01 20:59:32","2021-12-01 20:59:32","","",""
"252","https://go.chirocandy.com/newclient","newclient","ChiroCandy Marketing Onboarding","307","1","0","0","0","","0","2021-12-01 20:59:32","2021-12-01 20:59:32","","",""
"253","https://api.leadconnectorhq.com/widget/booking/2pp8E90lqTrV5byIeEqL","callwithtaylor","Calendly - Taylor Sticker","307","1","0","0","0","","0","2021-12-01 20:59:33","2024-10-30 14:51:27","","",""
"254","https://go.chirocandy.com/beta","beta","beta","307","1","0","0","0","","0","2021-12-01 20:59:33","2021-12-01 20:59:33","","",""
"255","https://leadsie.io/connect/320975508454884/manage","connect","Leadsie","307","1","0","0","0","","0","2021-12-01 20:59:33","2021-12-01 20:59:33","","",""
"256","https://clipscribe.com/join-now/?ref=443","clipscribe","ClipScribe Home - ClipScribe","307","1","0","0","0","","0","2021-12-01 20:59:33","2021-12-01 20:59:33","","",""
"257","https://go.chirocandy.com/5key-webinar-slides","webinar-slides","Webinar Slides","307","1","0","0","0","","0","2021-12-01 20:59:33","2021-12-01 20:59:33","","",""
"258","https://go.oncehub.com/MARKSLATER","mark","mark","307","1","0","0","0","","0","2021-12-01 20:59:33","2021-12-01 20:59:33","","",""
"259","https://chirocandy.com/166-your-2021-internet-marketing-plan","166","166: Your 2021 Internet Marketing Plan - chirocandy","307","1","0","0","0","","0","2021-12-01 20:59:33","2021-12-01 20:59:33","","",""
"260","https://chirocandy.com/167-how-to-master-personal-injury-marketing-with-dr-mark-slater","167","167: How to Master Personal Injury Marketing – with Dr. Mark Slater","307","1","0","0","0","","0","2021-12-01 20:59:33","2021-12-01 20:59:33","","",""
"261","https://go.chirocandy.com/case-study","case-study","Case Study: 60-70% Show Rate","307","1","0","0","0","","0","2021-12-01 20:59:33","2021-12-01 20:59:33","","",""
"262","https://chirocandy.com/7-strategies-to-get-higher-quality-leads-increase-show-rates","168","168","307","1","0","0","0","","0","2021-12-01 20:59:33","2021-12-01 20:59:33","","",""
"263","https://go.chirocandy.com/simplelife","simplelife","Case Study: Booked Out 3 Weeks - Now Uses PrePaid Appointments!","301","1","0","0","0","","0","2021-12-01 20:59:33","2021-12-01 20:59:33","","",""
"264","https://go.chirocandy.com/simplelife","simple-life","Case Study: 60-70% Show Rate","307","1","0","0","0","","0","2021-12-01 20:59:33","2021-12-01 20:59:33","","",""
"265","https://calendly.com/rrkasparchirocandy","callwithrene","Calendly - Rene Kaspar","307","1","0","0","0","","0","2021-12-01 20:59:33","2021-12-01 20:59:33","","",""
"266","https://hollie.chirocandy.com/strategycall","callwithhollie","Call with Hollie","307","1","0","0","0","1","0","2021-12-01 20:59:33","2021-12-01 20:59:33","","",""
"267","https://calendly.com/lizatchirocandy/15min","callwithliz","Call with Liz","307","1","0","0","0","","0","2021-12-01 20:59:33","2021-12-01 20:59:33","","",""
"268","https://calendly.com/billysticker/7fa-coaching-call","7fa","Calendly - Billy Sticker","307","1","0","0","0","","0","2021-12-01 20:59:33","2021-12-01 20:59:33","","",""
"269","https://go.chirocandy.com/ca-training","ca-training","Case Study: 60-70% Show Rate","307","1","0","0","0","1","0","2021-12-01 20:59:33","2021-12-01 20:59:33","","",""
"270","https://chirocandy.com/170-case-study-consistently-get-60-70-show-rates","170","170: Case Study - Consistently Get 60-70% Show Rates - chirocandy","307","1","0","0","0","1","0","2021-12-01 20:59:33","2021-12-01 20:59:33","","",""
"271","https://chirocandy.com/increasing-your-pva-2","169","169: Increasing Your PVA with Dr. Fred DiDomenico - chirocandy","307","1","0","0","0","1","0","2021-12-01 20:59:33","2021-12-01 20:59:33","","",""
"272","https://chirocandy.com/171-100000-patients-a-month","171","171: 100,000 Patients a Month! - chirocandy","307","1","0","0","0","1","0","2021-12-01 20:59:33","2021-12-01 20:59:33","","",""
"273","https://chirocandy.com/172-thriving-in-any-market-condition-with-dr-tory-robson","172","Page not found - chirocandy","307","1","0","0","0","1","0","2021-12-01 20:59:33","2021-12-01 20:59:33","","",""
"274","https://docs.google.com/presentation/d/1b2_FK7DY0a0SVuftVVgq-BmmrAXANMV2PakyB_rNTmQ/edit?usp=sharing","gmb-webinar","GMB Domination - ChiroCandy - Google Slides","307","1","0","0","0","","0","2021-12-01 20:59:33","2021-12-01 20:59:33","","",""
"275","https://www.chirocandymarketing.com/careers","careers","Careers","307","1","0","0","0","1","0","2021-12-01 20:59:33","2021-12-01 20:59:33","","",""
"276","https://go.chirocandy.com/seo","seo-onboarding","ChiroCandy Marketing SEO Onboarding","307","1","0","0","0","1","0","2021-12-01 20:59:33","2021-12-01 20:59:33","","",""
"277","https://api.leadconnectorhq.com/widget/groups/baileebragg","callwithbailee","Calendly - Bailee Bragg","307","1","0","0","0","","0","2021-12-01 20:59:33","2024-10-08 15:09:58","","",""
"278","https://go.chirocandy.com/gmb-seo","gmb-seo","Perfect Patient Tribe Turbine - ChiroCandy Marketing","307","1","0","0","0","1","0","2021-12-01 20:59:33","2021-12-01 20:59:33","","",""
"279","https://go.chirocandy.com/authority","authority","Perfect Patient Tribe Turbine - ChiroCandy Marketing","307","1","0","0","0","","0","2021-12-01 20:59:33","2021-12-01 20:59:33","","",""
"280","https://docs.google.com/spreadsheets/d/1KpY_EuZs7aZfX-2VoX6zrTTDEX02TwNTbs6DS8KCZLI/edit?usp=sharing","2022-worksheet","Worksheets - 2022 Marketing Planning Worksheet - Google Sheets","307","1","0","0","0","","0","2021-12-01 20:59:33","2021-12-01 20:59:33","","",""
"281","https://go.chirocandy.com/tribe","sfm","Perfect Patient Tribe Turbine - ChiroCandy Marketing","307","1","0","0","0","1","0","2021-12-09 20:06:50","2021-12-09 20:06:50","","",""
"282","https://chirocandy.com/2022/01/13/173-how-to-dominate-adding-knee-and-neuropathy-niches-clinic-masters/","173","173: How to Dominate Adding Knee and Neuropathy Niches - Clinic Masters | ChiroCandy Marketing","307","1","0","0","0","1","0","2022-01-13 17:18:53","2022-01-13 17:18:53","","",""
"283","https://www.chirocandymarketing.com/apply-jotform","2022-apply","Apply to work with us","307","1","0","0","0","1","0","2022-01-20 17:55:47","2022-01-20 17:55:47","","",""
"284","https://go.chirocandy.com/tiktok-onboarding","tiktok-onboarding","TikTok™ Onboarding | ChiroCandy Marketing","307","1","0","0","0","1","0","2022-01-31 18:51:04","2022-01-31 18:51:04","","",""
"285","https://go.chirocandy.com/issues","issues","Issues","307","1","0","0","0","1","0","2022-03-01 04:45:44","2022-03-01 04:45:44","","",""
"286","https://go.chirocandy.com/issues","issue","Issues","307","1","0","0","0","1","0","2022-03-01 04:46:14","2022-03-01 04:46:14","","",""
"287","https://go.chirocandy.com/customer-success","customer-success","customer-success","307","1","0","0","0","1","0","2022-03-01 04:46:55","2022-03-01 04:46:55","","",""
"288","https://go.chirocandy.com/signup-750","tiktok","TikTok™ Onboarding | ChiroCandy Marketing","307","1","0","0","0","1","0","2022-03-03 16:05:17","2022-03-03 16:05:17","","",""
"289","https://go.chirocandy.com/tiktokwebinar-replay","uac-tiktok","TikTok Webinar Replay!","307","1","0","0","0","1","0","2022-03-05 15:39:35","2022-03-05 15:39:35","","",""
"290","https://docs.google.com/presentation/d/1yK35riMML5b8iYgvF3y4nWSwO6tTzpn1/","7fa-author","Google Slides - create and edit presentations online, for free.","307","1","0","0","0","1","0","2022-03-08 14:21:39","2022-03-08 14:21:39","","",""
"291","https://docs.google.com/document/d/1NGVh78roe73oxUx1o8Twr-XdTbgRNGgwdbaqaDiHuoo/edit?usp=sharing","7fa-workbook","The Published Author Advantage - Google Docs","307","1","0","0","0","1","0","2022-03-08 14:26:40","2022-03-08 14:26:40","","",""
"292","https://hailey.chirocandy.com/book-with-me-page","callwithhailey","Calendly - Hailey Dodd","307","1","0","0","0","","0","2022-03-25 00:36:32","2024-11-12 20:55:14","","",""
"293","https://calendly.com/kayla-201","callwithkayla","Calendly - Kayla Griffith","307","1","0","0","0","1","0","2022-03-25 18:07:43","2022-03-25 18:07:43","","",""
"294","http://calendly.com/callwithnatevega","callwithnate","Calendly - Nate Vega","307","1","0","0","0","1","0","2022-03-25 22:36:10","2022-03-25 22:36:10","","",""
"295","https://form.jotform.com/93127101039144","intensive","Intensive Research Form","307","1","0","0","0","1","0","2022-03-26 20:25:25","2022-03-26 20:25:25","","",""
"296","https://go.chirocandy.com/seo-case-study","seo","ChiroCandy Marketing SEO Onboarding","307","1","0","0","0","1","0","2022-04-12 16:17:37","2022-04-12 16:17:37","","",""
"297","https://go.chirocandy.com/integrity-tiktok","integrity-tiktok","integrity-tiktok","307","1","0","0","0","1","0","2022-04-14 14:50:07","2022-04-14 14:50:07","","",""
"298","https://go.chirocandy.com/webinar-discount","save","TikTok™ Onboarding | ChiroCandy Marketing","307","1","0","0","0","1","0","2022-05-05 15:25:40","2022-05-05 15:25:40","","",""
"299","https://api.leadconnectorhq.com/widget/form/AmxYhlra9cfnZ5T0wTfc","tiktok-video-request","tiktok video request","307","1","0","0","0","1","0","2022-05-31 20:58:03","2022-05-31 20:58:03","","",""
"300","https://churchcandy.com/calculator-2/","calculator","ChurchCandy Calculator","307","1","0","0","0","1","0","2022-06-01 19:02:14","2023-06-20 19:43:16","","",""
"301","https://api.leadconnectorhq.com/widget/form/CutlcNXHOW1HeyWJOAvr","notes","Notes from Sales Calls","307","1","0","0","0","1","0","2022-07-07 23:17:19","2022-07-07 23:17:19","","",""
"302","https://go.chirocandy.com/done-for-you-lead-follow-up","lead-follow-up","Chiropractors! Do You Want us to Call and Schedule all of your Leads for you?","307","1","0","0","0","1","0","2022-09-17 01:51:59","2022-09-17 01:51:59","","",""
"303","https://api.leadconnectorhq.com/widget/booking/uanEDyRz2Af3ZMiYIG2u","callwithtomas","Calendly - Tomas Sanchez","307","1","0","0","0","","0","2022-09-21 00:24:00","2024-10-30 14:51:58","","",""
"304","https://go.chirocandy.com/parker","parker","parker","307","1","0","0","0","1","0","2023-02-20 21:54:32","2023-02-20 21:54:32","","",""
"305","https://www.gohighlevel.com/?fp_ref=chirocandy","ghl","GoHighLevel - It's time to take your Agency to the Next Level","307","1","0","0","0","1","0","2023-03-21 15:01:04","2023-03-21 15:01:04","","",""
"306","https://drive.google.com/file/d/1Z-wynAVSm2ZuDi5F3NRCcA95QrDTMjEg/view?usp=sharing","107-videos-download","107 Video Ideas for Chiropractors.pdf - Google Drive","307","1","0","0","0","1","0","2023-04-28 15:33:48","2023-04-28 15:33:48","","",""
"307","https://go.chirocandy.com/ebook","wca","107 Video Ideas for Chiropractors","307","1","0","0","0","0","0","2023-05-01 17:27:49","2023-05-01 17:27:49","","",""
"308","https://go.chirocandy.com/ebook","107videos","107 Video Ideas for Chiropractors","307","1","0","0","0","1","0","2023-05-01 21:53:19","2023-05-01 21:53:19","","",""
"309","https://saatva.partnerstack.com/?group=chirocandy","sleep","Partner Program","307","1","0","0","0","","0","2023-09-21 02:07:35","2023-09-21 02:07:35","","",""
"310","https://saatva.partnerstack.com/?group=chirocandy","saatva","Partner Program","307","1","0","0","0","","0","2023-09-21 02:08:08","2023-09-21 02:08:08","","",""
"311","https://saatva.partnerstack.com/?group=chirocandy","mattress","Partner Program","307","1","0","0","0","","0","2023-09-21 02:08:51","2023-09-21 02:08:51","","",""
"312","https://go.chirocandy.com/10","free","Perfect Patient Tribe Turbine - ChiroCandy Marketing","307","1","0","0","0","","0","2024-01-10 01:16:22","2024-01-10 01:16:22","","",""
"313","https://go.chirocandy.com/saatva","mattress-program","How to get New Chiropractic Patients from TikTok","307","1","0","0","0","","0","2024-08-26 19:07:18","2024-08-26 19:07:18","","",""
"314","https://go.chirocandy.com/ai-demo","ai-demo","Create Your Own AI Receptionist","301","1","0","0","0","","0","2024-10-01 10:04:15","2024-10-01 10:04:15","","",""
"315","https://brenden.chirocandy.com/schedule-a-call","callwithbrenden","Schedule a Call!","307","1","0","0","0","","0","2024-10-08 15:11:10","2024-10-08 15:11:10","","",""
"316","https://go.chirocandy.com/2025","laser","ChiroCandy's Perfect Patient Tribe Turbine","307","1","0","0","0","","0","2024-10-08 16:48:59","2025-01-04 22:47:14","","",""
"317","https://go.chirocandy.com/ai-webinar","ai-webinar","New Strategies For Getting Patients From TikTok","307","1","0","0","0","","0","2024-10-15 03:36:40","2024-10-15 03:36:40","","",""
"318","https://go.zappychat.com/ai?fpr=chirocandy","zappychat","ZappyChat AI | Conversational AI for your Business","307","1","0","0","0","","0","2024-10-15 14:53:37","2024-10-15 14:53:37","","",""
"319","https://api.leadconnectorhq.com/widget/bookings/chirocandystrategycall","ai-ca","ChiroCandy's Perfect Patient Tribe Turbine","307","1","0","0","0","","0","2024-10-29 05:09:02","2024-10-29 15:33:54","","",""
"320","https://api.leadconnectorhq.com/widget/bookings/chirocandystrategycall","aica","ChiroCandy's Perfect Patient Tribe Turbine","307","1","0","0","0","","0","2024-10-29 05:09:37","2024-10-29 15:33:34","","",""
"321","https://go.chirocandy.com/ai-replay","ai-replay","Ai-Powered Chiropractic Marketing Webinar Replay!","307","1","0","0","0","","0","2024-10-29 21:12:29","2024-10-29 21:12:29","","",""
"322","https://go.chirocandy.com/ai-setup","ai-setup","AI-CA™ Current Client","307","1","0","0","0","","0","2024-10-30 17:09:56","2024-10-30 17:09:56","","",""
"323","https://go.chirocandy.com/aica-sample","aica-sample","ChiroCandy - AI CA™ Samples","307","1","0","0","0","","0","2024-11-19 21:36:19","2024-11-19 21:36:19","","",""
"324","https://riverside.fm/studio/chirocandy?t=4facc903653b7175d3a0","riverside","Riverside.FM Studio | ChiroCandy","307","1","0","0","0","","0","2024-12-01 03:27:01","2024-12-01 03:27:01","","",""
"325","https://go.chirocandy.com/ai-book","ai-book","The 2025 Marketing Strategy – AI CA™","307","1","0","0","0","","0","2024-12-01 03:29:53","2024-12-01 03:29:53","","",""
"326","https://heygen.com/?sid=rewardful&via=billy-sticker","heygen","HeyGen - AI Video Generator","307","1","0","0","0","","0","2024-12-10 02:24:44","2024-12-10 02:24:44","","",""
"327","https://go.chirocandy.com/ai-tools","ai-tools","AI Tools","307","1","0","0","0","","0","2024-12-11 20:40:22","2024-12-11 20:40:22","","",""
"328","https://go.chirocandy.com/2025-replay","2025-replay","Webinar Replay","307","1","0","0","0","","0","2024-12-12 21:30:10","2024-12-12 21:30:10","","",""
"329","https://go.chirocandy.com/best-offer","best-offer-ever","BEST Marketing Offer Ever","307","1","0","0","0","","0","2024-12-16 21:52:07","2024-12-16 21:52:07","","",""
"330","https://go.chirocandy.com/best-offer","best-offer","BEST Marketing Offer Ever","307","1","0","0","0","","0","2024-12-16 21:52:41","2024-12-16 21:52:41","","",""
"331","https://www.skool.com/c3-chirocandy-clients/about","skool","C3: ChiroCandy Clients","307","1","0","0","0","","0","2024-12-23 23:16:59","2024-12-23 23:16:59","","",""
"332","https://sendlink.co/documents/doc-form/676f6214564ac94d09f0a856?locale=en-US","returning-client","Returning Client - CCM Agreement with Discount","307","1","0","0","0","","0","2024-12-28 02:47:58","2024-12-28 02:50:01","","",""
"333","https://sendlink.co/documents/doc-form/676f5ade564ac9341ef0a7d7?locale=en-US","new-client-agreement","New Client - CCM Agreement with PrePay","307","1","0","0","0","","0","2024-12-28 02:51:16","2024-12-28 02:51:16","","",""
"334","https://sendlink.co/documents/doc-form/676f69525a9456ff9403fd4d?locale=en-US","current-prepay","Current Client PrePay Offer","307","1","0","0","0","","0","2024-12-28 03:07:11","2024-12-28 03:07:11","","",""
"335","https://drive.google.com/file/d/1o4YfKtN-wAsHfkyKkUSpyiXl8ekJwY4w/view","52videoscripts","ChiroCandy_ 52 Weekly Video Ideas.pdf - Google Drive","307","1","0","0","0","","0","2025-01-07 16:19:56","2025-01-07 16:19:56","","",""
"336","https://try.elevenlabs.io/88msx8ppkgtx","elevenlabs","Free Text to Speech & AI Voice Generator | ElevenLabs","307","1","0","0","0","","0","2025-03-19 18:56:15","2025-03-19 18:56:15","","",""
"337","https://go.chirocandy.com/ai-agent-order","ai-offer","AI Marketing Agents – Unlock your AI Growth Engine","307","1","0","0","0","","0","2025-04-29 21:58:11","2025-04-29 21:58:11","","",""
"338","https://go.chirocandy.com/ai-webby-replay","429-replay","AI Webinar Replay","307","1","0","0","0","","0","2025-04-30 02:11:24","2025-04-30 02:11:24","","",""
"339","https://go.chirocandy.com/ai-agent-replay","ai-agents","AI Webinar Replay","307","1","0","0","0","","0","2025-05-28 19:42:09","2025-05-28 19:42:09","","",""
"340","https://go.chirocandy.com/ai-agent-replay","ai-agent","AI Webinar Replay","307","1","0","0","0","","0","2025-05-28 19:42:51","2025-05-28 19:42:51","","",""
"341","https://cynthia.chirocandy.com/strategy-call","callwithcynthia","Call with Cynthia - Strategy Call","307","1","0","0","0","","0","2025-08-12 21:46:14","2025-08-12 21:46:49","","",""
"342","https://katie.chirocandy.com/schedule","callwithkatie","Call with Katie","307","1","0","0","0","","0","2025-09-24 02:05:53","2025-09-24 02:05:53","","",""
"343","https://storage.googleapis.com/msgsndr/CMbaV42JZHKdMbeRLBUu/media/69001a1d6f3caff09663ca33.pdf","22-list","22-list","307","1","0","0","0","","0","2025-10-28 01:21:34","2025-10-28 01:21:34","","",""
"344","https://chatcandy.ai/workshop","workshop","""How These Doctors Create $15K-20K Days""","307","1","0","0","0","","0","2025-11-05 21:04:58","2025-11-05 21:04:58","","",""
"345","https://chatcandy.ai/12-ways-replay","12-ways","12 Ways to Get Patients... Without Facebook","307","1","0","0","0","","0","2025-11-18 05:25:21","2025-11-18 05:25:21","","",""
"346","https://mailboxpower.com/7BCF9G","mailbox","Mailbox Power","307","1","0","0","0","","0","2025-11-18 17:16:46","2025-11-18 17:16:46","","",""
"347","https://storage.googleapis.com/msgsndr/CMbaV42JZHKdMbeRLBUu/media/691e0c7af05eafab92270b37.pdf","gbp-checklist","FREE Google Business Profile Checklist","307","1","0","0","0","","0","2025-11-19 18:29:59","2025-11-19 18:30:42","","",""
"348","https://chatcandy.ai/replay-local-seo","local-seo-replay","Replay: 12 Ways to Get Patients without Meta","307","1","0","0","0","","0","2025-11-20 23:40:10","2025-11-20 23:40:10","","",""
"349","https://storage.googleapis.com/msgsndr/CMbaV42JZHKdMbeRLBUu/media/69531ca0d2e1fc7e687048f3.pdf","b-roll","ChiroCandy Ultimate B-Roll Guide","307","1","0","0","0","","0","2025-12-30 00:30:12","2025-12-30 00:30:12","","",""
"350","https://storage.googleapis.com/msgsndr/CMbaV42JZHKdMbeRLBUu/media/69531ca0d2e1fc7e687048f3.pdf","broll","ChiroCandy's Ultimate B-Roll Guide","307","1","0","0","0","","0","2025-12-30 00:31:15","2025-12-30 00:31:15","","",""
"351","https://storage.googleapis.com/msgsndr/CMbaV42JZHKdMbeRLBUu/media/6953f05688fd1a10400d52c7.pdf","2026-tools","2026-tools","307","1","0","0","0","","0","2025-12-30 15:32:17","2025-12-30 15:32:17","","",""
"352","https://go.chirocandy.com/parker-26","parker-2026","2026 Parker Vegas Bonuses - Billy Sticker","307","1","0","0","0","","0","2026-01-08 14:51:13","2026-02-26 17:03:28","","",""
"353","https://chatcandy.ai/12-ways-recut","12-ways-recut","12 Ways to Get Patients - Recut","307","1","0","0","0","","0","2026-02-06 16:06:26","2026-02-06 16:06:26","","",""
"354","https://sendlink.co/documents/doc-form/6a3049049fad645bb71c8b1c?locale=en-US","update-billing","Update Billing Info","307","1","0","0","0","","0","2026-02-09 19:16:59","2026-06-25 13:02:29","","",""
"355","https://www.loom.com/share/832e8dfb99ec48e9863509ab170b5a87","maps-access","GBP/Maps Access","307","1","0","0","0","","0","2026-02-09 23:24:06","2026-02-09 23:24:06","","",""
"356","http://go.chirocandy.com/parker-26","parker2026","Parker Vegas 2026","307","1","0","0","0","","0","2026-02-26 17:01:28","2026-02-26 17:01:28","","",""
"357","https://go.chirocandy.com/cc-vsl","jumper","ChiroCandy | Jumper Media Calendar","307","1","0","0","0","","0","2026-03-20 14:24:32","2026-03-20 14:24:32","","",""
"358","https://go.chirocandy.com/parker-2026-tools","parker-miami","AI & HIPAA Slides and Tools","307","1","0","0","0","","0","2026-06-11 23:51:48","2026-06-11 23:51:48","","",""
"359","https://sendlink.co/documents/doc-form/6a3049049fad645bb71c8b1c?locale=en-US","updated-billing","Update-Billing","307","1","0","0","0","","0","2026-06-25 19:08:25","2026-08-04 19:30:25","","",""
"360","https://go.chirocandy.com/schedule-with-ben","callwithben","Call with Ben","307","1","0","0","0","","0","2026-08-04 19:41:21","2026-08-04 19:41:21","","",""
"361","https://go.chirocandy.com/schedule-with-ryan","callwithryan","Schedule with Ryan","307","1","0","0","0","","0","2026-08-04 20:21:57","2026-08-04 20:22:41","","",""
